{"cameraMode":{"drawMode":0,"name":"Shaded","section":"Shading Mode"},"sceneLighting":true,"audioPlay":false,"sceneViewState":{"m_AlwaysRefresh":false,"showFog":true,"showSkybox":false,"showFlares":true,"showImageEffects":true,"showParticleSystems":true,"showVisualEffectGraphs":true,"m_FxEnabled":true},"in2DMode":false,"pivot":{"x":194.20640563964845,"y":13.526192665100098,"z":12.636510848999024},"rotation":{"x":-0.041742753237485889,"y":-0.8990902304649353,"z":0.4265812337398529,"w":-0.09338269382715225},"size":3.395479202270508,"orthographic":false}