{"cameraMode":{"drawMode":0,"name":"Shaded","section":"Shading Mode"},"sceneLighting":false,"audioPlay":false,"sceneViewState":{"m_AlwaysRefresh":false,"showFog":false,"showSkybox":false,"showFlares":false,"showImageEffects":false,"showParticleSystems":false,"showVisualEffectGraphs":true,"m_FxEnabled":true},"in2DMode":false,"pivot":{"x":-0.151189386844635,"y":0.899499773979187,"z":-1.3784854412078858},"rotation":{"x":0.004893851932138205,"y":-0.9936792850494385,"z":0.10171733051538468,"w":0.047765374183654788},"size":1.7059053182601929,"orthographic":false}